Plate,Sample,Gate,Count,%Total,%Gated
6-7,A1,GFP+,5016,10.175,19.788
6-7,A1,All Events,49295,100.000,100.000
6-7,A1,R1,25349,51.423,51.423
6-7,A1,mCh+,19584,39.728,77.257
6-7,A1,All Events,49295,100.000,100.000
6-7,A1,R1,25349,51.423,51.423
6-7,A1,R1,25349,51.423,51.423
6-7,A1,All Events,49295,100.000,100.000
6-7,A1,mCherry-/GFP+,4868,9.875,19.204
6-7,A1,mCherry+/GFP+,281,0.570,1.109
6-7,A1,mCherry-/GFP-,693,1.406,2.734
6-7,A1,mCherry+/GFP-,19507,39.572,76.954
6-7,A1,All Events,49295,100.000,100.000
6-7,A1,R1,25349,51.423,51.423
6-7,A1,R2,11174,22.668,57.057
6-7,A1,R4,215,0.436,1.098
6-7,A1,All Events,49295,100.000,100.000
6-7,A1,mCh+,19584,39.728,39.728
6-7,A1,All Events,49295,100.000,100.000
6-7,A1,R2,11174,22.668,22.668
6-7,A1,All Events,49295,100.000,100.000
6-7,A1,R3,4319,8.762,8.762
6-7,A1,R3,4319,8.762,86.104
6-7,A1,All Events,49295,100.000,100.000
6-7,A1,GFP+,5016,10.175,10.175
6-7,A1,All Events,49295,100.000,100.000
6-7,A1,R4,215,0.436,0.436
6-7,A1,All Events,49295,100.000,100.000
6-7,A1,R1,25349,51.423,51.423
6-7,A1,LG1,19584,39.728,39.728
6-7,A2,GFP+,4504,10.725,21.202
6-7,A2,All Events,41995,100.000,100.000
6-7,A2,R1,21243,50.585,50.585
6-7,A2,mCh+,16187,38.545,76.199
6-7,A2,All Events,41995,100.000,100.000
6-7,A2,R1,21243,50.585,50.585
6-7,A2,R1,21243,50.585,50.585
6-7,A2,All Events,41995,100.000,100.000
6-7,A2,mCherry-/GFP+,4375,10.418,20.595
6-7,A2,mCherry+/GFP+,251,0.598,1.182
6-7,A2,mCherry-/GFP-,531,1.264,2.500
6-7,A2,mCherry+/GFP-,16086,38.305,75.724
6-7,A2,All Events,41995,100.000,100.000
6-7,A2,R1,21243,50.585,50.585
6-7,A2,R2,9336,22.231,57.676
6-7,A2,R4,202,0.481,1.248
6-7,A2,All Events,41995,100.000,100.000
6-7,A2,mCh+,16187,38.545,38.545
6-7,A2,All Events,41995,100.000,100.000
6-7,A2,R2,9336,22.231,22.231
6-7,A2,All Events,41995,100.000,100.000
6-7,A2,R3,3816,9.087,9.087
6-7,A2,R3,3816,9.087,84.725
6-7,A2,All Events,41995,100.000,100.000
6-7,A2,GFP+,4504,10.725,10.725
6-7,A2,All Events,41995,100.000,100.000
6-7,A2,R4,202,0.481,0.481
6-7,A2,All Events,41995,100.000,100.000
6-7,A2,R1,21243,50.585,50.585
6-7,A2,LG1,16187,38.545,38.545
6-7,A3,GFP+,2077,7.050,20.202
6-7,A3,All Events,29459,100.000,100.000
6-7,A3,R1,10281,34.899,34.899
6-7,A3,mCh+,7833,26.589,76.189
6-7,A3,All Events,29459,100.000,100.000
6-7,A3,R1,10281,34.899,34.899
6-7,A3,R1,10281,34.899,34.899
6-7,A3,All Events,29459,100.000,100.000
6-7,A3,mCherry-/GFP+,2072,7.034,20.154
6-7,A3,mCherry+/GFP+,69,0.234,0.671
6-7,A3,mCherry-/GFP-,301,1.022,2.928
6-7,A3,mCherry+/GFP-,7839,26.610,76.247
6-7,A3,All Events,29459,100.000,100.000
6-7,A3,R1,10281,34.899,34.899
6-7,A3,R2,4807,16.318,61.369
6-7,A3,R4,58,0.197,0.740
6-7,A3,All Events,29459,100.000,100.000
6-7,A3,mCh+,7833,26.589,26.589
6-7,A3,All Events,29459,100.000,100.000
6-7,A3,R2,4807,16.318,16.318
6-7,A3,All Events,29459,100.000,100.000
6-7,A3,R3,1813,6.154,6.154
6-7,A3,R3,1813,6.154,87.289
6-7,A3,All Events,29459,100.000,100.000
6-7,A3,GFP+,2077,7.050,7.050
6-7,A3,All Events,29459,100.000,100.000
6-7,A3,R4,58,0.197,0.197
6-7,A3,All Events,29459,100.000,100.000
6-7,A3,R1,10281,34.899,34.899
6-7,A3,LG1,7833,26.589,26.589
6-7,A4,GFP+,7,0.038,9.589
6-7,A4,All Events,18185,100.000,100.000
6-7,A4,R1,73,0.401,0.401
6-7,A4,mCh+,28,0.154,38.356
6-7,A4,All Events,18185,100.000,100.000
6-7,A4,R1,73,0.401,0.401
6-7,A4,R1,73,0.401,0.401
6-7,A4,All Events,18185,100.000,100.000
6-7,A4,mCherry-/GFP+,7,0.038,9.589
6-7,A4,mCherry+/GFP+,1,0.005,1.370
6-7,A4,mCherry-/GFP-,38,0.209,52.055
6-7,A4,mCherry+/GFP-,27,0.148,36.986
6-7,A4,All Events,18185,100.000,100.000
6-7,A4,R1,73,0.401,0.401
6-7,A4,R2,17,0.093,60.714
6-7,A4,R4,0,0.000,0.000
6-7,A4,All Events,18185,100.000,100.000
6-7,A4,mCh+,28,0.154,0.154
6-7,A4,All Events,18185,100.000,100.000
6-7,A4,R2,17,0.093,0.093
6-7,A4,All Events,18185,100.000,100.000
6-7,A4,R3,7,0.038,0.038
6-7,A4,R3,7,0.038,100.000
6-7,A4,All Events,18185,100.000,100.000
6-7,A4,GFP+,7,0.038,0.038
6-7,A4,All Events,18185,100.000,100.000
6-7,A4,R4,0,0.000,0.000
6-7,A4,All Events,18185,100.000,100.000
6-7,A4,R1,73,0.401,0.401
6-7,A4,LG1,28,0.154,0.154
6-7,A5,GFP+,2109,7.809,24.861
6-7,A5,All Events,27008,100.000,100.000
6-7,A5,R1,8483,31.409,31.409
6-7,A5,mCh+,6039,22.360,71.189
6-7,A5,All Events,27008,100.000,100.000
6-7,A5,R1,8483,31.409,31.409
6-7,A5,R1,8483,31.409,31.409
6-7,A5,All Events,27008,100.000,100.000
6-7,A5,mCherry-/GFP+,2112,7.820,24.897
6-7,A5,mCherry+/GFP+,58,0.215,0.684
6-7,A5,mCherry-/GFP-,249,0.922,2.935
6-7,A5,mCherry+/GFP-,6064,22.453,71.484
6-7,A5,All Events,27008,100.000,100.000
6-7,A5,R1,8483,31.409,31.409
6-7,A5,R2,3857,14.281,63.868
6-7,A5,R4,52,0.193,0.861
6-7,A5,All Events,27008,100.000,100.000
6-7,A5,mCh+,6039,22.360,22.360
6-7,A5,All Events,27008,100.000,100.000
6-7,A5,R2,3857,14.281,14.281
6-7,A5,All Events,27008,100.000,100.000
6-7,A5,R3,1762,6.524,6.524
6-7,A5,R3,1762,6.524,83.547
6-7,A5,All Events,27008,100.000,100.000
6-7,A5,GFP+,2109,7.809,7.809
6-7,A5,All Events,27008,100.000,100.000
6-7,A5,R4,52,0.193,0.193
6-7,A5,All Events,27008,100.000,100.000
6-7,A5,R1,8483,31.409,31.409
6-7,A5,LG1,6039,22.360,22.360
6-7,A6,GFP+,1332,5.762,27.357
6-7,A6,All Events,23115,100.000,100.000
6-7,A6,R1,4869,21.064,21.064
6-7,A6,mCh+,3295,14.255,67.673
6-7,A6,All Events,23115,100.000,100.000
6-7,A6,R1,4869,21.064,21.064
6-7,A6,R1,4869,21.064,21.064
6-7,A6,All Events,23115,100.000,100.000
6-7,A6,mCherry-/GFP+,1337,5.784,27.459
6-7,A6,mCherry+/GFP+,34,0.147,0.698
6-7,A6,mCherry-/GFP-,186,0.805,3.820
6-7,A6,mCherry+/GFP-,3312,14.328,68.022
6-7,A6,All Events,23115,100.000,100.000
6-7,A6,R1,4869,21.064,21.064
6-7,A6,R2,2176,9.414,66.039
6-7,A6,R4,26,0.112,0.789
6-7,A6,All Events,23115,100.000,100.000
6-7,A6,mCh+,3295,14.255,14.255
6-7,A6,All Events,23115,100.000,100.000
6-7,A6,R2,2176,9.414,9.414
6-7,A6,All Events,23115,100.000,100.000
6-7,A6,R3,1113,4.815,4.815
6-7,A6,R3,1113,4.815,83.559
6-7,A6,All Events,23115,100.000,100.000
6-7,A6,GFP+,1332,5.762,5.762
6-7,A6,All Events,23115,100.000,100.000
6-7,A6,R4,26,0.112,0.112
6-7,A6,All Events,23115,100.000,100.000
6-7,A6,R1,4869,21.064,21.064
6-7,A6,LG1,3295,14.255,14.255
6-7,A7,GFP+,4690,13.392,27.329
6-7,A7,All Events,35020,100.000,100.000
6-7,A7,R1,17161,49.003,49.003
6-7,A7,mCh+,11925,34.052,69.489
6-7,A7,All Events,35020,100.000,100.000
6-7,A7,R1,17161,49.003,49.003
6-7,A7,R1,17161,49.003,49.003
6-7,A7,All Events,35020,100.000,100.000
6-7,A7,mCherry-/GFP+,4642,13.255,27.050
6-7,A7,mCherry+/GFP+,165,0.471,0.961
6-7,A7,mCherry-/GFP-,482,1.376,2.809
6-7,A7,mCherry+/GFP-,11872,33.901,69.180
6-7,A7,All Events,35020,100.000,100.000
6-7,A7,R1,17161,49.003,49.003
6-7,A7,R2,7322,20.908,61.400
6-7,A7,R4,143,0.408,1.199
6-7,A7,All Events,35020,100.000,100.000
6-7,A7,mCh+,11925,34.052,34.052
6-7,A7,All Events,35020,100.000,100.000
6-7,A7,R2,7322,20.908,20.908
6-7,A7,All Events,35020,100.000,100.000
6-7,A7,R3,3999,11.419,11.419
6-7,A7,R3,3999,11.419,85.267
6-7,A7,All Events,35020,100.000,100.000
6-7,A7,GFP+,4690,13.392,13.392
6-7,A7,All Events,35020,100.000,100.000
6-7,A7,R4,143,0.408,0.408
6-7,A7,All Events,35020,100.000,100.000
6-7,A7,R1,17161,49.003,49.003
6-7,A7,LG1,11925,34.052,34.052
6-7,A8,GFP+,8,0.046,17.391
6-7,A8,All Events,17433,100.000,100.000
6-7,A8,R1,46,0.264,0.264
6-7,A8,mCh+,18,0.103,39.130
6-7,A8,All Events,17433,100.000,100.000
6-7,A8,R1,46,0.264,0.264
6-7,A8,R1,46,0.264,0.264
6-7,A8,All Events,17433,100.000,100.000
6-7,A8,mCherry-/GFP+,7,0.040,15.217
6-7,A8,mCherry+/GFP+,2,0.011,4.348
6-7,A8,mCherry-/GFP-,21,0.120,45.652
6-7,A8,mCherry+/GFP-,16,0.092,34.783
6-7,A8,All Events,17433,100.000,100.000
6-7,A8,R1,46,0.264,0.264
6-7,A8,R2,10,0.057,55.556
6-7,A8,R4,0,0.000,0.000
6-7,A8,All Events,17433,100.000,100.000
6-7,A8,mCh+,18,0.103,0.103
6-7,A8,All Events,17433,100.000,100.000
6-7,A8,R2,10,0.057,0.057
6-7,A8,All Events,17433,100.000,100.000
6-7,A8,R3,6,0.034,0.034
6-7,A8,R3,6,0.034,75.000
6-7,A8,All Events,17433,100.000,100.000
6-7,A8,GFP+,8,0.046,0.046
6-7,A8,All Events,17433,100.000,100.000
6-7,A8,R4,0,0.000,0.000
6-7,A8,All Events,17433,100.000,100.000
6-7,A8,R1,46,0.264,0.264
6-7,A8,LG1,18,0.103,0.103
6-7,A9,GFP+,5093,12.761,23.210
6-7,A9,All Events,39910,100.000,100.000
6-7,A9,R1,21943,54.981,54.981
6-7,A9,mCh+,16049,40.213,73.139
6-7,A9,All Events,39910,100.000,100.000
6-7,A9,R1,21943,54.981,54.981
6-7,A9,R1,21943,54.981,54.981
6-7,A9,All Events,39910,100.000,100.000
6-7,A9,mCherry-/GFP+,5007,12.546,22.818
6-7,A9,mCherry+/GFP+,213,0.534,0.971
6-7,A9,mCherry-/GFP-,601,1.506,2.739
6-7,A9,mCherry+/GFP-,16122,40.396,73.472
6-7,A9,All Events,39910,100.000,100.000
6-7,A9,R1,21943,54.981,54.981
6-7,A9,R2,9548,23.924,59.493
6-7,A9,R4,178,0.446,1.109
6-7,A9,All Events,39910,100.000,100.000
6-7,A9,mCh+,16049,40.213,40.213
6-7,A9,All Events,39910,100.000,100.000
6-7,A9,R2,9548,23.924,23.924
6-7,A9,All Events,39910,100.000,100.000
6-7,A9,R3,4361,10.927,10.927
6-7,A9,R3,4361,10.927,85.627
6-7,A9,All Events,39910,100.000,100.000
6-7,A9,GFP+,5093,12.761,12.761
6-7,A9,All Events,39910,100.000,100.000
6-7,A9,R4,178,0.446,0.446
6-7,A9,All Events,39910,100.000,100.000
6-7,A9,R1,21943,54.981,54.981
6-7,A9,LG1,16049,40.213,40.213
6-7,A10,GFP+,4698,12.279,23.809
6-7,A10,All Events,38259,100.000,100.000
6-7,A10,R1,19732,51.575,51.575
6-7,A10,mCh+,14264,37.283,72.289
6-7,A10,All Events,38259,100.000,100.000
6-7,A10,R1,19732,51.575,51.575
6-7,A10,R1,19732,51.575,51.575
6-7,A10,All Events,38259,100.000,100.000
6-7,A10,mCherry-/GFP+,4609,12.047,23.358
6-7,A10,mCherry+/GFP+,202,0.528,1.024
6-7,A10,mCherry-/GFP-,592,1.547,3.000
6-7,A10,mCherry+/GFP-,14329,37.453,72.618
6-7,A10,All Events,38259,100.000,100.000
6-7,A10,R1,19732,51.575,51.575
6-7,A10,R2,8382,21.909,58.763
6-7,A10,R4,163,0.426,1.143
6-7,A10,All Events,38259,100.000,100.000
6-7,A10,mCh+,14264,37.283,37.283
6-7,A10,All Events,38259,100.000,100.000
6-7,A10,R2,8382,21.909,21.909
6-7,A10,All Events,38259,100.000,100.000
6-7,A10,R3,3980,10.403,10.403
6-7,A10,R3,3980,10.403,84.717
6-7,A10,All Events,38259,100.000,100.000
6-7,A10,GFP+,4698,12.279,12.279
6-7,A10,All Events,38259,100.000,100.000
6-7,A10,R4,163,0.426,0.426
6-7,A10,All Events,38259,100.000,100.000
6-7,A10,R1,19732,51.575,51.575
6-7,A10,LG1,14264,37.283,37.283
6-7,A11,GFP+,3912,11.407,24.340
6-7,A11,All Events,34294,100.000,100.000
6-7,A11,R1,16072,46.865,46.865
6-7,A11,mCh+,11586,33.784,72.088
6-7,A11,All Events,34294,100.000,100.000
6-7,A11,R1,16072,46.865,46.865
6-7,A11,R1,16072,46.865,46.865
6-7,A11,All Events,34294,100.000,100.000
6-7,A11,mCherry-/GFP+,3865,11.270,24.048
6-7,A11,mCherry+/GFP+,156,0.455,0.971
6-7,A11,mCherry-/GFP-,464,1.353,2.887
6-7,A11,mCherry+/GFP-,11587,33.787,72.094
6-7,A11,All Events,34294,100.000,100.000
6-7,A11,R1,16072,46.865,46.865
6-7,A11,R2,7021,20.473,60.599
6-7,A11,R4,122,0.356,1.053
6-7,A11,All Events,34294,100.000,100.000
6-7,A11,mCh+,11586,33.784,33.784
6-7,A11,All Events,34294,100.000,100.000
6-7,A11,R2,7021,20.473,20.473
6-7,A11,All Events,34294,100.000,100.000
6-7,A11,R3,3305,9.637,9.637
6-7,A11,R3,3305,9.637,84.484
6-7,A11,All Events,34294,100.000,100.000
6-7,A11,GFP+,3912,11.407,11.407
6-7,A11,All Events,34294,100.000,100.000
6-7,A11,R4,122,0.356,0.356
6-7,A11,All Events,34294,100.000,100.000
6-7,A11,R1,16072,46.865,46.865
6-7,A11,LG1,11586,33.784,33.784
6-7,A12,GFP+,7,0.040,7.447
6-7,A12,All Events,17492,100.000,100.000
6-7,A12,R1,94,0.537,0.537
6-7,A12,mCh+,44,0.252,46.809
6-7,A12,All Events,17492,100.000,100.000
6-7,A12,R1,94,0.537,0.537
6-7,A12,R1,94,0.537,0.537
6-7,A12,All Events,17492,100.000,100.000
6-7,A12,mCherry-/GFP+,7,0.040,7.447
6-7,A12,mCherry+/GFP+,1,0.006,1.064
6-7,A12,mCherry-/GFP-,42,0.240,44.681
6-7,A12,mCherry+/GFP-,44,0.252,46.809
6-7,A12,All Events,17492,100.000,100.000
6-7,A12,R1,94,0.537,0.537
6-7,A12,R2,28,0.160,63.636
6-7,A12,R4,0,0.000,0.000
6-7,A12,All Events,17492,100.000,100.000
6-7,A12,mCh+,44,0.252,0.252
6-7,A12,All Events,17492,100.000,100.000
6-7,A12,R2,28,0.160,0.160
6-7,A12,All Events,17492,100.000,100.000
6-7,A12,R3,7,0.040,0.040
6-7,A12,R3,7,0.040,100.000
6-7,A12,All Events,17492,100.000,100.000
6-7,A12,GFP+,7,0.040,0.040
6-7,A12,All Events,17492,100.000,100.000
6-7,A12,R4,0,0.000,0.000
6-7,A12,All Events,17492,100.000,100.000
6-7,A12,R1,94,0.537,0.537
6-7,A12,LG1,44,0.252,0.252
6-7,B1,GFP+,9218,22.521,44.141
6-7,B1,All Events,40930,100.000,100.000
6-7,B1,R1,20883,51.021,51.021
6-7,B1,mCh+,10801,26.389,51.721
6-7,B1,All Events,40930,100.000,100.000
6-7,B1,R1,20883,51.021,51.021
6-7,B1,R1,20883,51.021,51.021
6-7,B1,All Events,40930,100.000,100.000
6-7,B1,mCherry-/GFP+,9110,22.258,43.624
6-7,B1,mCherry+/GFP+,361,0.882,1.729
6-7,B1,mCherry-/GFP-,883,2.157,4.228
6-7,B1,mCherry+/GFP-,10529,25.724,50.419
6-7,B1,All Events,40930,100.000,100.000
6-7,B1,R1,20883,51.021,51.021
6-7,B1,R2,5460,13.340,50.551
6-7,B1,R4,287,0.701,2.657
6-7,B1,All Events,40930,100.000,100.000
6-7,B1,mCh+,10801,26.389,26.389
6-7,B1,All Events,40930,100.000,100.000
6-7,B1,R2,5460,13.340,13.340
6-7,B1,All Events,40930,100.000,100.000
6-7,B1,R3,7950,19.423,19.423
6-7,B1,R3,7950,19.423,86.244
6-7,B1,All Events,40930,100.000,100.000
6-7,B1,GFP+,9218,22.521,22.521
6-7,B1,All Events,40930,100.000,100.000
6-7,B1,R4,287,0.701,0.701
6-7,B1,All Events,40930,100.000,100.000
6-7,B1,R1,20883,51.021,51.021
6-7,B1,LG1,10801,26.389,26.389
6-7,B2,GFP+,10528,23.861,42.705
6-7,B2,All Events,44122,100.000,100.000
6-7,B2,R1,24653,55.875,55.875
6-7,B2,mCh+,13140,29.781,53.300
6-7,B2,All Events,44122,100.000,100.000
6-7,B2,R1,24653,55.875,55.875
6-7,B2,R1,24653,55.875,55.875
6-7,B2,All Events,44122,100.000,100.000
6-7,B2,mCherry-/GFP+,10409,23.591,42.222
6-7,B2,mCherry+/GFP+,391,0.886,1.586
6-7,B2,mCherry-/GFP-,993,2.251,4.028
6-7,B2,mCherry+/GFP-,12860,29.146,52.164
6-7,B2,All Events,44122,100.000,100.000
6-7,B2,R1,24653,55.875,55.875
6-7,B2,R2,6631,15.029,50.464
6-7,B2,R4,300,0.680,2.283
6-7,B2,All Events,44122,100.000,100.000
6-7,B2,mCh+,13140,29.781,29.781
6-7,B2,All Events,44122,100.000,100.000
6-7,B2,R2,6631,15.029,15.029
6-7,B2,All Events,44122,100.000,100.000
6-7,B2,R3,9213,20.881,20.881
6-7,B2,R3,9213,20.881,87.509
6-7,B2,All Events,44122,100.000,100.000
6-7,B2,GFP+,10528,23.861,23.861
6-7,B2,All Events,44122,100.000,100.000
6-7,B2,R4,300,0.680,0.680
6-7,B2,All Events,44122,100.000,100.000
6-7,B2,R1,24653,55.875,55.875
6-7,B2,LG1,13140,29.781,29.781
6-7,B3,GFP+,10566,23.724,40.401
6-7,B3,All Events,44538,100.000,100.000
6-7,B3,R1,26153,58.721,58.721
6-7,B3,mCh+,14533,32.631,55.569
6-7,B3,All Events,44538,100.000,100.000
6-7,B3,R1,26153,58.721,58.721
6-7,B3,R1,26153,58.721,58.721
6-7,B3,All Events,44538,100.000,100.000
6-7,B3,mCherry-/GFP+,10508,23.593,40.179
6-7,B3,mCherry+/GFP+,362,0.813,1.384
6-7,B3,mCherry-/GFP-,1021,2.292,3.904
6-7,B3,mCherry+/GFP-,14262,32.022,54.533
6-7,B3,All Events,44538,100.000,100.000
6-7,B3,R1,26153,58.721,58.721
6-7,B3,R2,7680,17.244,52.845
6-7,B3,R4,289,0.649,1.989
6-7,B3,All Events,44538,100.000,100.000
6-7,B3,mCh+,14533,32.631,32.631
6-7,B3,All Events,44538,100.000,100.000
6-7,B3,R2,7680,17.244,17.244
6-7,B3,All Events,44538,100.000,100.000
6-7,B3,R3,9283,20.843,20.843
6-7,B3,R3,9283,20.843,87.857
6-7,B3,All Events,44538,100.000,100.000
6-7,B3,GFP+,10566,23.724,23.724
6-7,B3,All Events,44538,100.000,100.000
6-7,B3,R4,289,0.649,0.649
6-7,B3,All Events,44538,100.000,100.000
6-7,B3,R1,26153,58.721,58.721
6-7,B3,LG1,14533,32.631,32.631
6-7,B4,GFP+,15,0.083,10.638
6-7,B4,All Events,17989,100.000,100.000
6-7,B4,R1,141,0.784,0.784
6-7,B4,mCh+,73,0.406,51.773
6-7,B4,All Events,17989,100.000,100.000
6-7,B4,R1,141,0.784,0.784
6-7,B4,R1,141,0.784,0.784
6-7,B4,All Events,17989,100.000,100.000
6-7,B4,mCherry-/GFP+,15,0.083,10.638
6-7,B4,mCherry+/GFP+,1,0.006,0.709
6-7,B4,mCherry-/GFP-,53,0.295,37.589
6-7,B4,mCherry+/GFP-,72,0.400,51.064
6-7,B4,All Events,17989,100.000,100.000
6-7,B4,R1,141,0.784,0.784
6-7,B4,R2,46,0.256,63.014
6-7,B4,R4,0,0.000,0.000
6-7,B4,All Events,17989,100.000,100.000
6-7,B4,mCh+,73,0.406,0.406
6-7,B4,All Events,17989,100.000,100.000
6-7,B4,R2,46,0.256,0.256
6-7,B4,All Events,17989,100.000,100.000
6-7,B4,R3,15,0.083,0.083
6-7,B4,R3,15,0.083,100.000
6-7,B4,All Events,17989,100.000,100.000
6-7,B4,GFP+,15,0.083,0.083
6-7,B4,All Events,17989,100.000,100.000
6-7,B4,R4,0,0.000,0.000
6-7,B4,All Events,17989,100.000,100.000
6-7,B4,R1,141,0.784,0.784
6-7,B4,LG1,73,0.406,0.406
6-7,B5,GFP+,9493,25.011,49.995
6-7,B5,All Events,37955,100.000,100.000
6-7,B5,R1,18988,50.028,50.028
6-7,B5,mCh+,8520,22.448,44.870
6-7,B5,All Events,37955,100.000,100.000
6-7,B5,R1,18988,50.028,50.028
6-7,B5,R1,18988,50.028,50.028
6-7,B5,All Events,37955,100.000,100.000
6-7,B5,mCherry-/GFP+,9484,24.987,49.947
6-7,B5,mCherry+/GFP+,261,0.688,1.375
6-7,B5,mCherry-/GFP-,909,2.395,4.787
6-7,B5,mCherry+/GFP-,8334,21.958,43.891
6-7,B5,All Events,37955,100.000,100.000
6-7,B5,R1,18988,50.028,50.028
6-7,B5,R2,4743,12.496,55.669
6-7,B5,R4,216,0.569,2.535
6-7,B5,All Events,37955,100.000,100.000
6-7,B5,mCh+,8520,22.448,22.448
6-7,B5,All Events,37955,100.000,100.000
6-7,B5,R2,4743,12.496,12.496
6-7,B5,All Events,37955,100.000,100.000
6-7,B5,R3,8183,21.560,21.560
6-7,B5,R3,8183,21.560,86.200
6-7,B5,All Events,37955,100.000,100.000
6-7,B5,GFP+,9493,25.011,25.011
6-7,B5,All Events,37955,100.000,100.000
6-7,B5,R4,216,0.569,0.569
6-7,B5,All Events,37955,100.000,100.000
6-7,B5,R1,18988,50.028,50.028
6-7,B5,LG1,8520,22.448,22.448
6-7,B6,GFP+,10903,26.861,48.737
6-7,B6,All Events,40590,100.000,100.000
6-7,B6,R1,22371,55.115,55.115
6-7,B6,mCh+,10521,25.920,47.030
6-7,B6,All Events,40590,100.000,100.000
6-7,B6,R1,22371,55.115,55.115
6-7,B6,R1,22371,55.115,55.115
6-7,B6,All Events,40590,100.000,100.000
6-7,B6,mCherry-/GFP+,10867,26.773,48.576
6-7,B6,mCherry+/GFP+,298,0.734,1.332
6-7,B6,mCherry-/GFP-,890,2.193,3.978
6-7,B6,mCherry+/GFP-,10316,25.415,46.113
6-7,B6,All Events,40590,100.000,100.000
6-7,B6,R1,22371,55.115,55.115
6-7,B6,R2,5928,14.605,56.344
6-7,B6,R4,240,0.591,2.281
6-7,B6,All Events,40590,100.000,100.000
6-7,B6,mCh+,10521,25.920,25.920
6-7,B6,All Events,40590,100.000,100.000
6-7,B6,R2,5928,14.605,14.605
6-7,B6,All Events,40590,100.000,100.000
6-7,B6,R3,9559,23.550,23.550
6-7,B6,R3,9559,23.550,87.673
6-7,B6,All Events,40590,100.000,100.000
6-7,B6,GFP+,10903,26.861,26.861
6-7,B6,All Events,40590,100.000,100.000
6-7,B6,R4,240,0.591,0.591
6-7,B6,All Events,40590,100.000,100.000
6-7,B6,R1,22371,55.115,55.115
6-7,B6,LG1,10521,25.920,25.920
6-7,B7,GFP+,6848,20.748,49.476
6-7,B7,All Events,33005,100.000,100.000
6-7,B7,R1,13841,41.936,41.936
6-7,B7,mCh+,6224,18.858,44.968
6-7,B7,All Events,33005,100.000,100.000
6-7,B7,R1,13841,41.936,41.936
6-7,B7,R1,13841,41.936,41.936
6-7,B7,All Events,33005,100.000,100.000
6-7,B7,mCherry-/GFP+,6898,20.900,49.837
6-7,B7,mCherry+/GFP+,150,0.454,1.084
6-7,B7,mCherry-/GFP-,648,1.963,4.682
6-7,B7,mCherry+/GFP-,6145,18.618,44.397
6-7,B7,All Events,33005,100.000,100.000
6-7,B7,R1,13841,41.936,41.936
6-7,B7,R2,3612,10.944,58.033
6-7,B7,R4,124,0.376,1.992
6-7,B7,All Events,33005,100.000,100.000
6-7,B7,mCh+,6224,18.858,18.858
6-7,B7,All Events,33005,100.000,100.000
6-7,B7,R2,3612,10.944,10.944
6-7,B7,All Events,33005,100.000,100.000
6-7,B7,R3,5988,18.143,18.143
6-7,B7,R3,5988,18.143,87.442
6-7,B7,All Events,33005,100.000,100.000
6-7,B7,GFP+,6848,20.748,20.748
6-7,B7,All Events,33005,100.000,100.000
6-7,B7,R4,124,0.376,0.376
6-7,B7,All Events,33005,100.000,100.000
6-7,B7,R1,13841,41.936,41.936
6-7,B7,LG1,6224,18.858,18.858
6-7,B8,GFP+,48,0.263,25.806
6-7,B8,All Events,18242,100.000,100.000
6-7,B8,R1,186,1.020,1.020
6-7,B8,mCh+,87,0.477,46.774
6-7,B8,All Events,18242,100.000,100.000
6-7,B8,R1,186,1.020,1.020
6-7,B8,R1,186,1.020,1.020
6-7,B8,All Events,18242,100.000,100.000
6-7,B8,mCherry-/GFP+,48,0.263,25.806
6-7,B8,mCherry+/GFP+,1,0.005,0.538
6-7,B8,mCherry-/GFP-,50,0.274,26.882
6-7,B8,mCherry+/GFP-,87,0.477,46.774
6-7,B8,All Events,18242,100.000,100.000
6-7,B8,R1,186,1.020,1.020
6-7,B8,R2,48,0.263,55.172
6-7,B8,R4,0,0.000,0.000
6-7,B8,All Events,18242,100.000,100.000
6-7,B8,mCh+,87,0.477,0.477
6-7,B8,All Events,18242,100.000,100.000
6-7,B8,R2,48,0.263,0.263
6-7,B8,All Events,18242,100.000,100.000
6-7,B8,R3,45,0.247,0.247
6-7,B8,R3,45,0.247,93.750
6-7,B8,All Events,18242,100.000,100.000
6-7,B8,GFP+,48,0.263,0.263
6-7,B8,All Events,18242,100.000,100.000
6-7,B8,R4,0,0.000,0.000
6-7,B8,All Events,18242,100.000,100.000
6-7,B8,R1,186,1.020,1.020
6-7,B8,LG1,87,0.477,0.477
6-7,B9,GFP+,11909,27.287,48.135
6-7,B9,All Events,43643,100.000,100.000
6-7,B9,R1,24741,56.690,56.690
6-7,B9,mCh+,11599,26.577,46.882
6-7,B9,All Events,43643,100.000,100.000
6-7,B9,R1,24741,56.690,56.690
6-7,B9,R1,24741,56.690,56.690
6-7,B9,All Events,43643,100.000,100.000
6-7,B9,mCherry-/GFP+,11889,27.241,48.054
6-7,B9,mCherry+/GFP+,350,0.802,1.415
6-7,B9,mCherry-/GFP-,1103,2.527,4.458
6-7,B9,mCherry+/GFP-,11399,26.119,46.073
6-7,B9,All Events,43643,100.000,100.000
6-7,B9,R1,24741,56.690,56.690
6-7,B9,R2,6179,14.158,53.272
6-7,B9,R4,287,0.658,2.474
6-7,B9,All Events,43643,100.000,100.000
6-7,B9,mCh+,11599,26.577,26.577
6-7,B9,All Events,43643,100.000,100.000
6-7,B9,R2,6179,14.158,14.158
6-7,B9,All Events,43643,100.000,100.000
6-7,B9,R3,10378,23.779,23.779
6-7,B9,R3,10378,23.779,87.144
6-7,B9,All Events,43643,100.000,100.000
6-7,B9,GFP+,11909,27.287,27.287
6-7,B9,All Events,43643,100.000,100.000
6-7,B9,R4,287,0.658,0.658
6-7,B9,All Events,43643,100.000,100.000
6-7,B9,R1,24741,56.690,56.690
6-7,B9,LG1,11599,26.577,26.577
6-7,B10,GFP+,15167,29.180,46.784
6-7,B10,All Events,51978,100.000,100.000
6-7,B10,R1,32419,62.371,62.371
6-7,B10,mCh+,15864,30.521,48.934
6-7,B10,All Events,51978,100.000,100.000
6-7,B10,R1,32419,62.371,62.371
6-7,B10,R1,32419,62.371,62.371
6-7,B10,All Events,51978,100.000,100.000
6-7,B10,mCherry-/GFP+,14933,28.729,46.062
6-7,B10,mCherry+/GFP+,611,1.175,1.885
6-7,B10,mCherry-/GFP-,1378,2.651,4.251
6-7,B10,mCherry+/GFP-,15497,29.815,47.802
6-7,B10,All Events,51978,100.000,100.000
6-7,B10,R1,32419,62.371,62.371
6-7,B10,R2,7824,15.053,49.319
6-7,B10,R4,489,0.941,3.082
6-7,B10,All Events,51978,100.000,100.000
6-7,B10,mCh+,15864,30.521,30.521
6-7,B10,All Events,51978,100.000,100.000
6-7,B10,R2,7824,15.053,15.053
6-7,B10,All Events,51978,100.000,100.000
6-7,B10,R3,13197,25.390,25.390
6-7,B10,R3,13197,25.390,87.011
6-7,B10,All Events,51978,100.000,100.000
6-7,B10,GFP+,15167,29.180,29.180
6-7,B10,All Events,51978,100.000,100.000
6-7,B10,R4,489,0.941,0.941
6-7,B10,All Events,51978,100.000,100.000
6-7,B10,R1,32419,62.371,62.371
6-7,B10,LG1,15864,30.521,30.521
6-7,B11,GFP+,12311,27.073,48.313
6-7,B11,All Events,45474,100.000,100.000
6-7,B11,R1,25482,56.036,56.036
6-7,B11,mCh+,11927,26.228,46.806
6-7,B11,All Events,45474,100.000,100.000
6-7,B11,R1,25482,56.036,56.036
6-7,B11,R1,25482,56.036,56.036
6-7,B11,All Events,45474,100.000,100.000
6-7,B11,mCherry-/GFP+,12189,26.804,47.834
6-7,B11,mCherry+/GFP+,385,0.847,1.511
6-7,B11,mCherry-/GFP-,1197,2.632,4.697
6-7,B11,mCherry+/GFP-,11711,25.753,45.958
6-7,B11,All Events,45474,100.000,100.000
6-7,B11,R1,25482,56.036,56.036
6-7,B11,R2,6044,13.291,50.675
6-7,B11,R4,323,0.710,2.708
6-7,B11,All Events,45474,100.000,100.000
6-7,B11,mCh+,11927,26.228,26.228
6-7,B11,All Events,45474,100.000,100.000
6-7,B11,R2,6044,13.291,13.291
6-7,B11,All Events,45474,100.000,100.000
6-7,B11,R3,10806,23.763,23.763
6-7,B11,R3,10806,23.763,87.775
6-7,B11,All Events,45474,100.000,100.000
6-7,B11,GFP+,12311,27.073,27.073
6-7,B11,All Events,45474,100.000,100.000
6-7,B11,R4,323,0.710,0.710
6-7,B11,All Events,45474,100.000,100.000
6-7,B11,R1,25482,56.036,56.036
6-7,B11,LG1,11927,26.228,26.228
6-7,B12,GFP+,32,0.177,16.495
6-7,B12,All Events,18096,100.000,100.000
6-7,B12,R1,194,1.072,1.072
6-7,B12,mCh+,109,0.602,56.186
6-7,B12,All Events,18096,100.000,100.000
6-7,B12,R1,194,1.072,1.072
6-7,B12,R1,194,1.072,1.072
6-7,B12,All Events,18096,100.000,100.000
6-7,B12,mCherry-/GFP+,32,0.177,16.495
6-7,B12,mCherry+/GFP+,1,0.006,0.515
6-7,B12,mCherry-/GFP-,51,0.282,26.289
6-7,B12,mCherry+/GFP-,110,0.608,56.701
6-7,B12,All Events,18096,100.000,100.000
6-7,B12,R1,194,1.072,1.072
6-7,B12,R2,56,0.309,51.376
6-7,B12,R4,0,0.000,0.000
6-7,B12,All Events,18096,100.000,100.000
6-7,B12,mCh+,109,0.602,0.602
6-7,B12,All Events,18096,100.000,100.000
6-7,B12,R2,56,0.309,0.309
6-7,B12,All Events,18096,100.000,100.000
6-7,B12,R3,32,0.177,0.177
6-7,B12,R3,32,0.177,100.000
6-7,B12,All Events,18096,100.000,100.000
6-7,B12,GFP+,32,0.177,0.177
6-7,B12,All Events,18096,100.000,100.000
6-7,B12,R4,0,0.000,0.000
6-7,B12,All Events,18096,100.000,100.000
6-7,B12,R1,194,1.072,1.072
6-7,B12,LG1,109,0.602,0.602
6-7,C1,GFP+,15788,33.350,58.935
6-7,C1,All Events,47341,100.000,100.000
6-7,C1,R1,26789,56.587,56.587
6-7,C1,mCh+,9600,20.278,35.836
6-7,C1,All Events,47341,100.000,100.000
6-7,C1,R1,26789,56.587,56.587
6-7,C1,R1,26789,56.587,56.587
6-7,C1,All Events,47341,100.000,100.000
6-7,C1,mCherry-/GFP+,15767,33.305,58.856
6-7,C1,mCherry+/GFP+,432,0.913,1.613
6-7,C1,mCherry-/GFP-,1357,2.866,5.066
6-7,C1,mCherry+/GFP-,9233,19.503,34.466
6-7,C1,All Events,47341,100.000,100.000
6-7,C1,R1,26789,56.587,56.587
6-7,C1,R2,4169,8.806,43.427
6-7,C1,R4,332,0.701,3.458
6-7,C1,All Events,47341,100.000,100.000
6-7,C1,mCh+,9600,20.278,20.278
6-7,C1,All Events,47341,100.000,100.000
6-7,C1,R2,4169,8.806,8.806
6-7,C1,All Events,47341,100.000,100.000
6-7,C1,R3,14078,29.737,29.737
6-7,C1,R3,14078,29.737,89.169
6-7,C1,All Events,47341,100.000,100.000
6-7,C1,GFP+,15788,33.350,33.350
6-7,C1,All Events,47341,100.000,100.000
6-7,C1,R4,332,0.701,0.701
6-7,C1,All Events,47341,100.000,100.000
6-7,C1,R1,26789,56.587,56.587
6-7,C1,LG1,9600,20.278,20.278
6-7,C2,GFP+,23256,37.718,56.795
6-7,C2,All Events,61658,100.000,100.000
6-7,C2,R1,40947,66.410,66.410
6-7,C2,mCh+,15880,25.755,38.782
6-7,C2,All Events,61658,100.000,100.000
6-7,C2,R1,40947,66.410,66.410
6-7,C2,R1,40947,66.410,66.410
6-7,C2,All Events,61658,100.000,100.000
6-7,C2,mCherry-/GFP+,22954,37.228,56.058
6-7,C2,mCherry+/GFP+,845,1.370,2.064
6-7,C2,mCherry-/GFP-,1987,3.223,4.853
6-7,C2,mCherry+/GFP-,15161,24.589,37.026
6-7,C2,All Events,61658,100.000,100.000
6-7,C2,R1,40947,66.410,66.410
6-7,C2,R2,6587,10.683,41.480
6-7,C2,R4,660,1.070,4.156
6-7,C2,All Events,61658,100.000,100.000
6-7,C2,mCh+,15880,25.755,25.755
6-7,C2,All Events,61658,100.000,100.000
6-7,C2,R2,6587,10.683,10.683
6-7,C2,All Events,61658,100.000,100.000
6-7,C2,R3,20851,33.817,33.817
6-7,C2,R3,20851,33.817,89.659
6-7,C2,All Events,61658,100.000,100.000
6-7,C2,GFP+,23256,37.718,37.718
6-7,C2,All Events,61658,100.000,100.000
6-7,C2,R4,660,1.070,1.070
6-7,C2,All Events,61658,100.000,100.000
6-7,C2,R1,40947,66.410,66.410
6-7,C2,LG1,15880,25.755,25.755
6-7,C3,GFP+,30443,40.913,56.561
6-7,C3,All Events,74409,100.000,100.000
6-7,C3,R1,53823,72.334,72.334
6-7,C3,mCh+,20995,28.216,39.007
6-7,C3,All Events,74409,100.000,100.000
6-7,C3,R1,53823,72.334,72.334
6-7,C3,R1,53823,72.334,72.334
6-7,C3,All Events,74409,100.000,100.000
6-7,C3,mCherry-/GFP+,30030,40.358,55.794
6-7,C3,mCherry+/GFP+,1163,1.563,2.161
6-7,C3,mCherry-/GFP-,2625,3.528,4.877
6-7,C3,mCherry+/GFP-,20005,26.885,37.168
6-7,C3,All Events,74409,100.000,100.000
6-7,C3,R1,53823,72.334,72.334
6-7,C3,R2,7725,10.382,36.794
6-7,C3,R4,881,1.184,4.196
6-7,C3,All Events,74409,100.000,100.000
6-7,C3,mCh+,20995,28.216,28.216
6-7,C3,All Events,74409,100.000,100.000
6-7,C3,R2,7725,10.382,10.382
6-7,C3,All Events,74409,100.000,100.000
6-7,C3,R3,27071,36.381,36.381
6-7,C3,R3,27071,36.381,88.924
6-7,C3,All Events,74409,100.000,100.000
6-7,C3,GFP+,30443,40.913,40.913
6-7,C3,All Events,74409,100.000,100.000
6-7,C3,R4,881,1.184,1.184
6-7,C3,All Events,74409,100.000,100.000
6-7,C3,R1,53823,72.334,72.334
6-7,C3,LG1,20995,28.216,28.216
6-7,C4,GFP+,80,0.446,31.373
6-7,C4,All Events,17927,100.000,100.000
6-7,C4,R1,255,1.422,1.422
6-7,C4,mCh+,125,0.697,49.020
6-7,C4,All Events,17927,100.000,100.000
6-7,C4,R1,255,1.422,1.422
6-7,C4,R1,255,1.422,1.422
6-7,C4,All Events,17927,100.000,100.000
6-7,C4,mCherry-/GFP+,83,0.463,32.549
6-7,C4,mCherry+/GFP+,0,0.000,0.000
6-7,C4,mCherry-/GFP-,46,0.257,18.039
6-7,C4,mCherry+/GFP-,126,0.703,49.412
6-7,C4,All Events,17927,100.000,100.000
6-7,C4,R1,255,1.422,1.422
6-7,C4,R2,63,0.351,50.400
6-7,C4,R4,0,0.000,0.000
6-7,C4,All Events,17927,100.000,100.000
6-7,C4,mCh+,125,0.697,0.697
6-7,C4,All Events,17927,100.000,100.000
6-7,C4,R2,63,0.351,0.351
6-7,C4,All Events,17927,100.000,100.000
6-7,C4,R3,75,0.418,0.418
6-7,C4,R3,75,0.418,93.750
6-7,C4,All Events,17927,100.000,100.000
6-7,C4,GFP+,80,0.446,0.446
6-7,C4,All Events,17927,100.000,100.000
6-7,C4,R4,0,0.000,0.000
6-7,C4,All Events,17927,100.000,100.000
6-7,C4,R1,255,1.422,1.422
6-7,C4,LG1,125,0.697,0.697
6-7,C5,GFP+,13013,32.996,67.811
6-7,C5,All Events,39438,100.000,100.000
6-7,C5,R1,19190,48.659,48.659
6-7,C5,mCh+,5013,12.711,26.123
6-7,C5,All Events,39438,100.000,100.000
6-7,C5,R1,19190,48.659,48.659
6-7,C5,R1,19190,48.659,48.659
6-7,C5,All Events,39438,100.000,100.000
6-7,C5,mCherry-/GFP+,13121,33.270,68.374
6-7,C5,mCherry+/GFP+,203,0.515,1.058
6-7,C5,mCherry-/GFP-,1025,2.599,5.341
6-7,C5,mCherry+/GFP-,4841,12.275,25.227
6-7,C5,All Events,39438,100.000,100.000
6-7,C5,R1,19190,48.659,48.659
6-7,C5,R2,2496,6.329,49.791
6-7,C5,R4,162,0.411,3.232
6-7,C5,All Events,39438,100.000,100.000
6-7,C5,mCh+,5013,12.711,12.711
6-7,C5,All Events,39438,100.000,100.000
6-7,C5,R2,2496,6.329,6.329
6-7,C5,All Events,39438,100.000,100.000
6-7,C5,R3,11621,29.467,29.467
6-7,C5,R3,11621,29.467,89.303
6-7,C5,All Events,39438,100.000,100.000
6-7,C5,GFP+,13013,32.996,32.996
6-7,C5,All Events,39438,100.000,100.000
6-7,C5,R4,162,0.411,0.411
6-7,C5,All Events,39438,100.000,100.000
6-7,C5,R1,19190,48.659,48.659
6-7,C5,LG1,5013,12.711,12.711
6-7,C6,GFP+,11852,31.129,63.228
6-7,C6,All Events,38074,100.000,100.000
6-7,C6,R1,18745,49.233,49.233
6-7,C6,mCh+,5731,15.052,30.573
6-7,C6,All Events,38074,100.000,100.000
6-7,C6,R1,18745,49.233,49.233
6-7,C6,R1,18745,49.233,49.233
6-7,C6,All Events,38074,100.000,100.000
6-7,C6,mCherry-/GFP+,11927,31.326,63.628
6-7,C6,mCherry+/GFP+,199,0.523,1.062
6-7,C6,mCherry-/GFP-,1032,2.711,5.505
6-7,C6,mCherry+/GFP-,5587,14.674,29.805
6-7,C6,All Events,38074,100.000,100.000
6-7,C6,R1,18745,49.233,49.233
6-7,C6,R2,2943,7.730,51.352
6-7,C6,R4,150,0.394,2.617
6-7,C6,All Events,38074,100.000,100.000
6-7,C6,mCh+,5731,15.052,15.052
6-7,C6,All Events,38074,100.000,100.000
6-7,C6,R2,2943,7.730,7.730
6-7,C6,All Events,38074,100.000,100.000
6-7,C6,R3,10740,28.208,28.208
6-7,C6,R3,10740,28.208,90.618
6-7,C6,All Events,38074,100.000,100.000
6-7,C6,GFP+,11852,31.129,31.129
6-7,C6,All Events,38074,100.000,100.000
6-7,C6,R4,150,0.394,0.394
6-7,C6,All Events,38074,100.000,100.000
6-7,C6,R1,18745,49.233,49.233
6-7,C6,LG1,5731,15.052,15.052
6-7,C7,GFP+,18222,38.757,65.478
6-7,C7,All Events,47016,100.000,100.000
6-7,C7,R1,27829,59.190,59.190
6-7,C7,mCh+,8038,17.096,28.884
6-7,C7,All Events,47016,100.000,100.000
6-7,C7,R1,27829,59.190,59.190
6-7,C7,R1,27829,59.190,59.190
6-7,C7,All Events,47016,100.000,100.000
6-7,C7,mCherry-/GFP+,18297,38.917,65.748
6-7,C7,mCherry+/GFP+,350,0.744,1.258
6-7,C7,mCherry-/GFP-,1437,3.056,5.164
6-7,C7,mCherry+/GFP-,7745,16.473,27.831
6-7,C7,All Events,47016,100.000,100.000
6-7,C7,R1,27829,59.190,59.190
6-7,C7,R2,3741,7.957,46.541
6-7,C7,R4,292,0.621,3.633
6-7,C7,All Events,47016,100.000,100.000
6-7,C7,mCh+,8038,17.096,17.096
6-7,C7,All Events,47016,100.000,100.000
6-7,C7,R2,3741,7.957,7.957
6-7,C7,All Events,47016,100.000,100.000
6-7,C7,R3,16423,34.931,34.931
6-7,C7,R3,16423,34.931,90.127
6-7,C7,All Events,47016,100.000,100.000
6-7,C7,GFP+,18222,38.757,38.757
6-7,C7,All Events,47016,100.000,100.000
6-7,C7,R4,292,0.621,0.621
6-7,C7,All Events,47016,100.000,100.000
6-7,C7,R1,27829,59.190,59.190
6-7,C7,LG1,8038,17.096,17.096
6-7,C8,GFP+,67,0.371,34.359
6-7,C8,All Events,18043,100.000,100.000
6-7,C8,R1,195,1.081,1.081
6-7,C8,mCh+,79,0.438,40.513
6-7,C8,All Events,18043,100.000,100.000
6-7,C8,R1,195,1.081,1.081
6-7,C8,R1,195,1.081,1.081
6-7,C8,All Events,18043,100.000,100.000
6-7,C8,mCherry-/GFP+,70,0.388,35.897
6-7,C8,mCherry+/GFP+,1,0.006,0.513
6-7,C8,mCherry-/GFP-,45,0.249,23.077
6-7,C8,mCherry+/GFP-,79,0.438,40.513
6-7,C8,All Events,18043,100.000,100.000
6-7,C8,R1,195,1.081,1.081
6-7,C8,R2,49,0.272,62.025
6-7,C8,R4,0,0.000,0.000
6-7,C8,All Events,18043,100.000,100.000
6-7,C8,mCh+,79,0.438,0.438
6-7,C8,All Events,18043,100.000,100.000
6-7,C8,R2,49,0.272,0.272
6-7,C8,All Events,18043,100.000,100.000
6-7,C8,R3,64,0.355,0.355
6-7,C8,R3,64,0.355,95.522
6-7,C8,All Events,18043,100.000,100.000
6-7,C8,GFP+,67,0.371,0.371
6-7,C8,All Events,18043,100.000,100.000
6-7,C8,R4,0,0.000,0.000
6-7,C8,All Events,18043,100.000,100.000
6-7,C8,R1,195,1.081,1.081
6-7,C8,LG1,79,0.438,0.438
6-7,C9,GFP+,19871,39.414,66.380
6-7,C9,All Events,50416,100.000,100.000
6-7,C9,R1,29935,59.376,59.376
6-7,C9,mCh+,8280,16.423,27.660
6-7,C9,All Events,50416,100.000,100.000
6-7,C9,R1,29935,59.376,59.376
6-7,C9,R1,29935,59.376,59.376
6-7,C9,All Events,50416,100.000,100.000
6-7,C9,mCherry-/GFP+,19957,39.585,66.668
6-7,C9,mCherry+/GFP+,386,0.766,1.289
6-7,C9,mCherry-/GFP-,1621,3.215,5.415
6-7,C9,mCherry+/GFP-,7971,15.810,26.628
6-7,C9,All Events,50416,100.000,100.000
6-7,C9,R1,29935,59.376,59.376
6-7,C9,R2,3543,7.028,42.790
6-7,C9,R4,297,0.589,3.587
6-7,C9,All Events,50416,100.000,100.000
6-7,C9,mCh+,8280,16.423,16.423
6-7,C9,All Events,50416,100.000,100.000
6-7,C9,R2,3543,7.028,7.028
6-7,C9,All Events,50416,100.000,100.000
6-7,C9,R3,17820,35.346,35.346
6-7,C9,R3,17820,35.346,89.678
6-7,C9,All Events,50416,100.000,100.000
6-7,C9,GFP+,19871,39.414,39.414
6-7,C9,All Events,50416,100.000,100.000
6-7,C9,R4,297,0.589,0.589
6-7,C9,All Events,50416,100.000,100.000
6-7,C9,R1,29935,59.376,59.376
6-7,C9,LG1,8280,16.423,16.423
6-7,C10,GFP+,26298,40.988,60.148
6-7,C10,All Events,64160,100.000,100.000
6-7,C10,R1,43722,68.145,68.145
6-7,C10,mCh+,15157,23.624,34.667
6-7,C10,All Events,64160,100.000,100.000
6-7,C10,R1,43722,68.145,68.145
6-7,C10,R1,43722,68.145,68.145
6-7,C10,All Events,64160,100.000,100.000
6-7,C10,mCherry-/GFP+,26067,40.628,59.620
6-7,C10,mCherry+/GFP+,801,1.248,1.832
6-7,C10,mCherry-/GFP-,2326,3.625,5.320
6-7,C10,mCherry+/GFP-,14528,22.643,33.228
6-7,C10,All Events,64160,100.000,100.000
6-7,C10,R1,43722,68.145,68.145
6-7,C10,R2,5867,9.144,38.708
6-7,C10,R4,630,0.982,4.156
6-7,C10,All Events,64160,100.000,100.000
6-7,C10,mCh+,15157,23.624,23.624
6-7,C10,All Events,64160,100.000,100.000
6-7,C10,R2,5867,9.144,9.144
6-7,C10,All Events,64160,100.000,100.000
6-7,C10,R3,23738,36.998,36.998
6-7,C10,R3,23738,36.998,90.265
6-7,C10,All Events,64160,100.000,100.000
6-7,C10,GFP+,26298,40.988,40.988
6-7,C10,All Events,64160,100.000,100.000
6-7,C10,R4,630,0.982,0.982
6-7,C10,All Events,64160,100.000,100.000
6-7,C10,R1,43722,68.145,68.145
6-7,C10,LG1,15157,23.624,23.624
6-7,C11,GFP+,27018,42.270,64.159
6-7,C11,All Events,63918,100.000,100.000
6-7,C11,R1,42111,65.883,65.883
6-7,C11,mCh+,12704,19.875,30.168
6-7,C11,All Events,63918,100.000,100.000
6-7,C11,R1,42111,65.883,65.883
6-7,C11,R1,42111,65.883,65.883
6-7,C11,All Events,63918,100.000,100.000
6-7,C11,mCherry-/GFP+,26916,42.110,63.917
6-7,C11,mCherry+/GFP+,766,1.198,1.819
6-7,C11,mCherry-/GFP-,2332,3.648,5.538
6-7,C11,mCherry+/GFP-,12097,18.926,28.726
6-7,C11,All Events,63918,100.000,100.000
6-7,C11,R1,42111,65.883,65.883
6-7,C11,R2,4624,7.234,36.398
6-7,C11,R4,570,0.892,4.487
6-7,C11,All Events,63918,100.000,100.000
6-7,C11,mCh+,12704,19.875,19.875
6-7,C11,All Events,63918,100.000,100.000
6-7,C11,R2,4624,7.234,7.234
6-7,C11,All Events,63918,100.000,100.000
6-7,C11,R3,24095,37.697,37.697
6-7,C11,R3,24095,37.697,89.181
6-7,C11,All Events,63918,100.000,100.000
6-7,C11,GFP+,27018,42.270,42.270
6-7,C11,All Events,63918,100.000,100.000
6-7,C11,R4,570,0.892,0.892
6-7,C11,All Events,63918,100.000,100.000
6-7,C11,R1,42111,65.883,65.883
6-7,C11,LG1,12704,19.875,19.875
6-7,C12,GFP+,76,0.428,40.860
6-7,C12,All Events,17763,100.000,100.000
6-7,C12,R1,186,1.047,1.047
6-7,C12,mCh+,73,0.411,39.247
6-7,C12,All Events,17763,100.000,100.000
6-7,C12,R1,186,1.047,1.047
6-7,C12,R1,186,1.047,1.047
6-7,C12,All Events,17763,100.000,100.000
6-7,C12,mCherry-/GFP+,78,0.439,41.935
6-7,C12,mCherry+/GFP+,0,0.000,0.000
6-7,C12,mCherry-/GFP-,35,0.197,18.817
6-7,C12,mCherry+/GFP-,73,0.411,39.247
6-7,C12,All Events,17763,100.000,100.000
6-7,C12,R1,186,1.047,1.047
6-7,C12,R2,40,0.225,54.795
6-7,C12,R4,0,0.000,0.000
6-7,C12,All Events,17763,100.000,100.000
6-7,C12,mCh+,73,0.411,0.411
6-7,C12,All Events,17763,100.000,100.000
6-7,C12,R2,40,0.225,0.225
6-7,C12,All Events,17763,100.000,100.000
6-7,C12,R3,74,0.417,0.417
6-7,C12,R3,74,0.417,97.368
6-7,C12,All Events,17763,100.000,100.000
6-7,C12,GFP+,76,0.428,0.428
6-7,C12,All Events,17763,100.000,100.000
6-7,C12,R4,0,0.000,0.000
6-7,C12,All Events,17763,100.000,100.000
6-7,C12,R1,186,1.047,1.047
6-7,C12,LG1,73,0.411,0.411
6-7,D1,GFP+,85256,60.112,76.319
6-7,D1,All Events,141828,100.000,100.000
6-7,D1,R1,111710,78.764,78.764
6-7,D1,mCh+,19878,14.016,17.794
6-7,D1,All Events,141828,100.000,100.000
6-7,D1,R1,111710,78.764,78.764
6-7,D1,R1,111710,78.764,78.764
6-7,D1,All Events,141828,100.000,100.000
6-7,D1,mCherry-/GFP+,84481,59.566,75.625
6-7,D1,mCherry+/GFP+,2450,1.727,2.193
6-7,D1,mCherry-/GFP-,6944,4.896,6.216
6-7,D1,mCherry+/GFP-,17835,12.575,15.965
6-7,D1,All Events,141828,100.000,100.000
6-7,D1,R1,111710,78.764,78.764
6-7,D1,R2,4463,3.147,22.452
6-7,D1,R4,1855,1.308,9.332
6-7,D1,All Events,141828,100.000,100.000
6-7,D1,mCh+,19878,14.016,14.016
6-7,D1,All Events,141828,100.000,100.000
6-7,D1,R2,4463,3.147,3.147
6-7,D1,All Events,141828,100.000,100.000
6-7,D1,R3,76644,54.040,54.040
6-7,D1,R3,76644,54.040,89.899
6-7,D1,All Events,141828,100.000,100.000
6-7,D1,GFP+,85256,60.112,60.112
6-7,D1,All Events,141828,100.000,100.000
6-7,D1,R4,1855,1.308,1.308
6-7,D1,All Events,141828,100.000,100.000
6-7,D1,R1,111710,78.764,78.764
6-7,D1,LG1,19878,14.016,14.016
6-7,D2,GFP+,42130,51.946,73.170
6-7,D2,All Events,81103,100.000,100.000
6-7,D2,R1,57578,70.994,70.994
6-7,D2,mCh+,11815,14.568,20.520
6-7,D2,All Events,81103,100.000,100.000
6-7,D2,R1,57578,70.994,70.994
6-7,D2,R1,57578,70.994,70.994
6-7,D2,All Events,81103,100.000,100.000
6-7,D2,mCherry-/GFP+,41949,51.723,72.856
6-7,D2,mCherry+/GFP+,945,1.165,1.641
6-7,D2,mCherry-/GFP-,3660,4.513,6.357
6-7,D2,mCherry+/GFP-,11024,13.593,19.146
6-7,D2,All Events,81103,100.000,100.000
6-7,D2,R1,57578,70.994,70.994
6-7,D2,R2,3911,4.822,33.102
6-7,D2,R4,720,0.888,6.094
6-7,D2,All Events,81103,100.000,100.000
6-7,D2,mCh+,11815,14.568,14.568
6-7,D2,All Events,81103,100.000,100.000
6-7,D2,R2,3911,4.822,4.822
6-7,D2,All Events,81103,100.000,100.000
6-7,D2,R3,38562,47.547,47.547
6-7,D2,R3,38562,47.547,91.531
6-7,D2,All Events,81103,100.000,100.000
6-7,D2,GFP+,42130,51.946,51.946
6-7,D2,All Events,81103,100.000,100.000
6-7,D2,R4,720,0.888,0.888
6-7,D2,All Events,81103,100.000,100.000
6-7,D2,R1,57578,70.994,70.994
6-7,D2,LG1,11815,14.568,14.568
6-7,D3,GFP+,34243,49.126,70.585
6-7,D3,All Events,69705,100.000,100.000
6-7,D3,R1,48513,69.598,69.598
6-7,D3,mCh+,11157,16.006,22.998
6-7,D3,All Events,69705,100.000,100.000
6-7,D3,R1,48513,69.598,69.598
6-7,D3,R1,48513,69.598,69.598
6-7,D3,All Events,69705,100.000,100.000
6-7,D3,mCherry-/GFP+,34157,49.002,70.408
6-7,D3,mCherry+/GFP+,795,1.141,1.639
6-7,D3,mCherry-/GFP-,3094,4.439,6.378
6-7,D3,mCherry+/GFP-,10467,15.016,21.576
6-7,D3,All Events,69705,100.000,100.000
6-7,D3,R1,48513,69.598,69.598
6-7,D3,R2,3749,5.378,33.602
6-7,D3,R4,601,0.862,5.387
6-7,D3,All Events,69705,100.000,100.000
6-7,D3,mCh+,11157,16.006,16.006
6-7,D3,All Events,69705,100.000,100.000
6-7,D3,R2,3749,5.378,5.378
6-7,D3,All Events,69705,100.000,100.000
6-7,D3,R3,30812,44.203,44.203
6-7,D3,R3,30812,44.203,89.980
6-7,D3,All Events,69705,100.000,100.000
6-7,D3,GFP+,34243,49.126,49.126
6-7,D3,All Events,69705,100.000,100.000
6-7,D3,R4,601,0.862,0.862
6-7,D3,All Events,69705,100.000,100.000
6-7,D3,R1,48513,69.598,69.598
6-7,D3,LG1,11157,16.006,16.006
6-7,D4,GFP+,226,1.134,44.752
6-7,D4,All Events,19933,100.000,100.000
6-7,D4,R1,505,2.533,2.533
6-7,D4,mCh+,164,0.823,32.475
6-7,D4,All Events,19933,100.000,100.000
6-7,D4,R1,505,2.533,2.533
6-7,D4,R1,505,2.533,2.533
6-7,D4,All Events,19933,100.000,100.000
6-7,D4,mCherry-/GFP+,229,1.149,45.347
6-7,D4,mCherry+/GFP+,0,0.000,0.000
6-7,D4,mCherry-/GFP-,108,0.542,21.386
6-7,D4,mCherry+/GFP-,168,0.843,33.267
6-7,D4,All Events,19933,100.000,100.000
6-7,D4,R1,505,2.533,2.533
6-7,D4,R2,90,0.452,54.878
6-7,D4,R4,0,0.000,0.000
6-7,D4,All Events,19933,100.000,100.000
6-7,D4,mCh+,164,0.823,0.823
6-7,D4,All Events,19933,100.000,100.000
6-7,D4,R2,90,0.452,0.452
6-7,D4,All Events,19933,100.000,100.000
6-7,D4,R3,215,1.079,1.079
6-7,D4,R3,215,1.079,95.133
6-7,D4,All Events,19933,100.000,100.000
6-7,D4,GFP+,226,1.134,1.134
6-7,D4,All Events,19933,100.000,100.000
6-7,D4,R4,0,0.000,0.000
6-7,D4,All Events,19933,100.000,100.000
6-7,D4,R1,505,2.533,2.533
6-7,D4,LG1,164,0.823,0.823
6-7,D5,GFP+,58576,60.267,79.037
6-7,D5,All Events,97194,100.000,100.000
6-7,D5,R1,74112,76.252,76.252
6-7,D5,mCh+,10420,10.721,14.060
6-7,D5,All Events,97194,100.000,100.000
6-7,D5,R1,74112,76.252,76.252
6-7,D5,R1,74112,76.252,76.252
6-7,D5,All Events,97194,100.000,100.000
6-7,D5,mCherry-/GFP+,58801,60.499,79.341
6-7,D5,mCherry+/GFP+,970,0.998,1.309
6-7,D5,mCherry-/GFP-,4743,4.880,6.400
6-7,D5,mCherry+/GFP-,9598,9.875,12.951
6-7,D5,All Events,97194,100.000,100.000
6-7,D5,R1,74112,76.252,76.252
6-7,D5,R2,2961,3.046,28.417
6-7,D5,R4,717,0.738,6.881
6-7,D5,All Events,97194,100.000,100.000
6-7,D5,mCh+,10420,10.721,10.721
6-7,D5,All Events,97194,100.000,100.000
6-7,D5,R2,2961,3.046,3.046
6-7,D5,All Events,97194,100.000,100.000
6-7,D5,R3,53260,54.798,54.798
6-7,D5,R3,53260,54.798,90.925
6-7,D5,All Events,97194,100.000,100.000
6-7,D5,GFP+,58576,60.267,60.267
6-7,D5,All Events,97194,100.000,100.000
6-7,D5,R4,717,0.738,0.738
6-7,D5,All Events,97194,100.000,100.000
6-7,D5,R1,74112,76.252,76.252
6-7,D5,LG1,10420,10.721,10.721
6-7,D6,GFP+,30251,51.480,77.291
6-7,D6,All Events,58763,100.000,100.000
6-7,D6,R1,39139,66.605,66.605
6-7,D6,mCh+,6187,10.529,15.808
6-7,D6,All Events,58763,100.000,100.000
6-7,D6,R1,39139,66.605,66.605
6-7,D6,R1,39139,66.605,66.605
6-7,D6,All Events,58763,100.000,100.000
6-7,D6,mCherry-/GFP+,30344,51.638,77.529
6-7,D6,mCherry+/GFP+,419,0.713,1.071
6-7,D6,mCherry-/GFP-,2555,4.348,6.528
6-7,D6,mCherry+/GFP-,5821,9.906,14.873
6-7,D6,All Events,58763,100.000,100.000
6-7,D6,R1,39139,66.605,66.605
6-7,D6,R2,2341,3.984,37.837
6-7,D6,R4,339,0.577,5.479
6-7,D6,All Events,58763,100.000,100.000
6-7,D6,mCh+,6187,10.529,10.529
6-7,D6,All Events,58763,100.000,100.000
6-7,D6,R2,2341,3.984,3.984
6-7,D6,All Events,58763,100.000,100.000
6-7,D6,R3,27680,47.104,47.104
6-7,D6,R3,27680,47.104,91.501
6-7,D6,All Events,58763,100.000,100.000
6-7,D6,GFP+,30251,51.480,51.480
6-7,D6,All Events,58763,100.000,100.000
6-7,D6,R4,339,0.577,0.577
6-7,D6,All Events,58763,100.000,100.000
6-7,D6,R1,39139,66.605,66.605
6-7,D6,LG1,6187,10.529,10.529
6-7,D7,GFP+,32000,51.444,76.779
6-7,D7,All Events,62203,100.000,100.000
6-7,D7,R1,41678,67.003,67.003
6-7,D7,mCh+,6922,11.128,16.608
6-7,D7,All Events,62203,100.000,100.000
6-7,D7,R1,41678,67.003,67.003
6-7,D7,R1,41678,67.003,67.003
6-7,D7,All Events,62203,100.000,100.000
6-7,D7,mCherry-/GFP+,32111,51.623,77.045
6-7,D7,mCherry+/GFP+,484,0.778,1.161
6-7,D7,mCherry-/GFP-,2580,4.148,6.190
6-7,D7,mCherry+/GFP-,6503,10.454,15.603
6-7,D7,All Events,62203,100.000,100.000
6-7,D7,R1,41678,67.003,67.003
6-7,D7,R2,2539,4.082,36.680
6-7,D7,R4,382,0.614,5.519
6-7,D7,All Events,62203,100.000,100.000
6-7,D7,mCh+,6922,11.128,11.128
6-7,D7,All Events,62203,100.000,100.000
6-7,D7,R2,2539,4.082,4.082
6-7,D7,All Events,62203,100.000,100.000
6-7,D7,R3,28710,46.155,46.155
6-7,D7,R3,28710,46.155,89.719
6-7,D7,All Events,62203,100.000,100.000
6-7,D7,GFP+,32000,51.444,51.444
6-7,D7,All Events,62203,100.000,100.000
6-7,D7,R4,382,0.614,0.614
6-7,D7,All Events,62203,100.000,100.000
6-7,D7,R1,41678,67.003,67.003
6-7,D7,LG1,6922,11.128,11.128
6-7,D8,GFP+,101,0.594,48.558
6-7,D8,All Events,17013,100.000,100.000
6-7,D8,R1,208,1.223,1.223
6-7,D8,mCh+,60,0.353,28.846
6-7,D8,All Events,17013,100.000,100.000
6-7,D8,R1,208,1.223,1.223
6-7,D8,R1,208,1.223,1.223
6-7,D8,All Events,17013,100.000,100.000
6-7,D8,mCherry-/GFP+,102,0.600,49.038
6-7,D8,mCherry+/GFP+,0,0.000,0.000
6-7,D8,mCherry-/GFP-,46,0.270,22.115
6-7,D8,mCherry+/GFP-,60,0.353,28.846
6-7,D8,All Events,17013,100.000,100.000
6-7,D8,R1,208,1.223,1.223
6-7,D8,R2,31,0.182,51.667
6-7,D8,R4,0,0.000,0.000
6-7,D8,All Events,17013,100.000,100.000
6-7,D8,mCh+,60,0.353,0.353
6-7,D8,All Events,17013,100.000,100.000
6-7,D8,R2,31,0.182,0.182
6-7,D8,All Events,17013,100.000,100.000
6-7,D8,R3,95,0.558,0.558
6-7,D8,R3,95,0.558,94.059
6-7,D8,All Events,17013,100.000,100.000
6-7,D8,GFP+,101,0.594,0.594
6-7,D8,All Events,17013,100.000,100.000
6-7,D8,R4,0,0.000,0.000
6-7,D8,All Events,17013,100.000,100.000
6-7,D8,R1,208,1.223,1.223
6-7,D8,LG1,60,0.353,0.353
6-7,D9,GFP+,90799,63.576,79.077
6-7,D9,All Events,142820,100.000,100.000
6-7,D9,R1,114824,80.398,80.398
6-7,D9,mCh+,16629,11.643,14.482
6-7,D9,All Events,142820,100.000,100.000
6-7,D9,R1,114824,80.398,80.398
6-7,D9,R1,114824,80.398,80.398
6-7,D9,All Events,142820,100.000,100.000
6-7,D9,mCherry-/GFP+,90160,63.128,78.520
6-7,D9,mCherry+/GFP+,2293,1.606,1.997
6-7,D9,mCherry-/GFP-,7621,5.336,6.637
6-7,D9,mCherry+/GFP-,14750,10.328,12.846
6-7,D9,All Events,142820,100.000,100.000
6-7,D9,R1,114824,80.398,80.398
6-7,D9,R2,3405,2.384,20.476
6-7,D9,R4,1707,1.195,10.265
6-7,D9,All Events,142820,100.000,100.000
6-7,D9,mCh+,16629,11.643,11.643
6-7,D9,All Events,142820,100.000,100.000
6-7,D9,R2,3405,2.384,2.384
6-7,D9,All Events,142820,100.000,100.000
6-7,D9,R3,81741,57.234,57.234
6-7,D9,R3,81741,57.234,90.024
6-7,D9,All Events,142820,100.000,100.000
6-7,D9,GFP+,90799,63.576,63.576
6-7,D9,All Events,142820,100.000,100.000
6-7,D9,R4,1707,1.195,1.195
6-7,D9,All Events,142820,100.000,100.000
6-7,D9,R1,114824,80.398,80.398
6-7,D9,LG1,16629,11.643,11.643
6-7,D10,GFP+,30948,49.794,77.886
6-7,D10,All Events,62152,100.000,100.000
6-7,D10,R1,39735,63.932,63.932
6-7,D10,mCh+,5780,9.300,14.546
6-7,D10,All Events,62152,100.000,100.000
6-7,D10,R1,39735,63.932,63.932
6-7,D10,R1,39735,63.932,63.932
6-7,D10,All Events,62152,100.000,100.000
6-7,D10,mCherry-/GFP+,31107,50.050,78.286
6-7,D10,mCherry+/GFP+,395,0.636,0.994
6-7,D10,mCherry-/GFP-,2776,4.466,6.986
6-7,D10,mCherry+/GFP-,5457,8.780,13.733
6-7,D10,All Events,62152,100.000,100.000
6-7,D10,R1,39735,63.932,63.932
6-7,D10,R2,1988,3.199,34.394
6-7,D10,R4,292,0.470,5.052
6-7,D10,All Events,62152,100.000,100.000
6-7,D10,mCh+,5780,9.300,9.300
6-7,D10,All Events,62152,100.000,100.000
6-7,D10,R2,1988,3.199,3.199
6-7,D10,All Events,62152,100.000,100.000
6-7,D10,R3,28362,45.633,45.633
6-7,D10,R3,28362,45.633,91.644
6-7,D10,All Events,62152,100.000,100.000
6-7,D10,GFP+,30948,49.794,49.794
6-7,D10,All Events,62152,100.000,100.000
6-7,D10,R4,292,0.470,0.470
6-7,D10,All Events,62152,100.000,100.000
6-7,D10,R1,39735,63.932,63.932
6-7,D10,LG1,5780,9.300,9.300
6-7,D11,GFP+,41735,55.071,77.016
6-7,D11,All Events,75784,100.000,100.000
6-7,D11,R1,54190,71.506,71.506
6-7,D11,mCh+,8563,11.299,15.802
6-7,D11,All Events,75784,100.000,100.000
6-7,D11,R1,54190,71.506,71.506
6-7,D11,R1,54190,71.506,71.506
6-7,D11,All Events,75784,100.000,100.000
6-7,D11,mCherry-/GFP+,41913,55.306,77.345
6-7,D11,mCherry+/GFP+,698,0.921,1.288
6-7,D11,mCherry-/GFP-,3606,4.758,6.654
6-7,D11,mCherry+/GFP-,7973,10.521,14.713
6-7,D11,All Events,75784,100.000,100.000
6-7,D11,R1,54190,71.506,71.506
6-7,D11,R2,2606,3.439,30.433
6-7,D11,R4,531,0.701,6.201
6-7,D11,All Events,75784,100.000,100.000
6-7,D11,mCh+,8563,11.299,11.299
6-7,D11,All Events,75784,100.000,100.000
6-7,D11,R2,2606,3.439,3.439
6-7,D11,All Events,75784,100.000,100.000
6-7,D11,R3,37709,49.759,49.759
6-7,D11,R3,37709,49.759,90.353
6-7,D11,All Events,75784,100.000,100.000
6-7,D11,GFP+,41735,55.071,55.071
6-7,D11,All Events,75784,100.000,100.000
6-7,D11,R4,531,0.701,0.701
6-7,D11,All Events,75784,100.000,100.000
6-7,D11,R1,54190,71.506,71.506
6-7,D11,LG1,8563,11.299,11.299
6-7,D12,GFP+,201,1.148,48.551
6-7,D12,All Events,17503,100.000,100.000
6-7,D12,R1,414,2.365,2.365
6-7,D12,mCh+,143,0.817,34.541
6-7,D12,All Events,17503,100.000,100.000
6-7,D12,R1,414,2.365,2.365
6-7,D12,R1,414,2.365,2.365
6-7,D12,All Events,17503,100.000,100.000
6-7,D12,mCherry-/GFP+,202,1.154,48.792
6-7,D12,mCherry+/GFP+,0,0.000,0.000
6-7,D12,mCherry-/GFP-,69,0.394,16.667
6-7,D12,mCherry+/GFP-,143,0.817,34.541
6-7,D12,All Events,17503,100.000,100.000
6-7,D12,R1,414,2.365,2.365
6-7,D12,R2,70,0.400,48.951
6-7,D12,R4,0,0.000,0.000
6-7,D12,All Events,17503,100.000,100.000
6-7,D12,mCh+,143,0.817,0.817
6-7,D12,All Events,17503,100.000,100.000
6-7,D12,R2,70,0.400,0.400
6-7,D12,All Events,17503,100.000,100.000
6-7,D12,R3,186,1.063,1.063
6-7,D12,R3,186,1.063,92.537
6-7,D12,All Events,17503,100.000,100.000
6-7,D12,GFP+,201,1.148,1.148
6-7,D12,All Events,17503,100.000,100.000
6-7,D12,R4,0,0.000,0.000
6-7,D12,All Events,17503,100.000,100.000
6-7,D12,R1,414,2.365,2.365
6-7,D12,LG1,143,0.817,0.817
